{
	"info": {
		"_postman_id": "95721270-96b9-4af5-aea6-b84e33a52501",
		"name": "[Template] Redeemable using Merchant camera",
		"description": "NRF prizes",
		"schema": "https://schema.getpostman.com/json/collection/v2.1.0/collection.json"
	},
	"item": [
		{
			"name": "Publish",
			"item": [
				{
					"name": "Publish Template",
					"request": {
						"method": "PATCH",
						"header": [
							{
								"key": "App-Id",
								"value": "{{App-ID}}"
							},
							{
								"key": "Authorization",
								"value": "{{Bearer}}"
							},
							{
								"key": "Content-Type",
								"value": "application/json"
							}
						],
						"body": {
							"mode": "raw",
							"raw": "{\n    \"unpublished\": false\n}"
						},
						"url": {
							"raw": "{{blockv-api}}/v1/templates/:template-name",
							"host": [
								"{{blockv-api}}"
							],
							"path": [
								"v1",
								"templates",
								":template-name"
							],
							"variable": [
								{
									"key": "template-name",
									"value": "{{FQDN}}::Redeemable::v1"
								}
							]
						}
					},
					"response": []
				},
				{
					"name": "Publish Template Variation",
					"request": {
						"method": "PATCH",
						"header": [
							{
								"key": "App-Id",
								"value": "{{App-ID}}"
							},
							{
								"key": "Authorization",
								"value": "{{Bearer}}"
							},
							{
								"key": "Content-Type",
								"value": "application/json"
							}
						],
						"body": {
							"mode": "raw",
							"raw": "{\n    \"unpublished\": false\n}"
						},
						"url": {
							"raw": "{{blockv-api}}/v1/template_variations/:id",
							"host": [
								"{{blockv-api}}"
							],
							"path": [
								"v1",
								"template_variations",
								":id"
							],
							"variable": [
								{
									"key": "id",
									"value": "{{FQDN}}::Redeemable::v1::StarbucksGiftCard::v1"
								}
							]
						}
					},
					"response": []
				}
			]
		},
		{
			"name": "Assets",
			"item": [
				{
					"name": "List Asstes",
					"request": {
						"method": "GET",
						"header": [
							{
								"key": "App-Id",
								"value": "{{App-ID}}"
							},
							{
								"key": "Authorization",
								"value": "{{Bearer}}"
							}
						],
						"body": {
							"mode": "raw",
							"raw": ""
						},
						"url": {
							"raw": "{{blockv-api}}/v1/publishers/:publisher_fqdn/assets",
							"host": [
								"{{blockv-api}}"
							],
							"path": [
								"v1",
								"publishers",
								":publisher_fqdn",
								"assets"
							],
							"variable": [
								{
									"key": "publisher_fqdn",
									"value": "{{FQDN}}"
								}
							]
						}
					},
					"response": []
				},
				{
					"name": "Delete Assets",
					"request": {
						"method": "DELETE",
						"header": [
							{
								"key": "App-Id",
								"value": "{{App-ID}}"
							},
							{
								"key": "Authorization",
								"value": "{{Bearer}}"
							},
							{
								"key": "Content-Type",
								"value": "application/json"
							}
						],
						"body": {
							"mode": "raw",
							"raw": "{\n\t\"urls\": [\n            \"https://cdn.blockv.io/blockv/publisher/blockv.nrf/prizes/amzgft/ActivatedImage.png\"\n        ]\n}\n"
						},
						"url": {
							"raw": "{{blockv-api}}/v1/publishers/:publisher_fqdn/assets",
							"host": [
								"{{blockv-api}}"
							],
							"path": [
								"v1",
								"publishers",
								":publisher_fqdn",
								"assets"
							],
							"variable": [
								{
									"key": "publisher_fqdn",
									"value": "{{FQDN}}"
								}
							]
						}
					},
					"response": []
				}
			]
		},
		{
			"name": "Redemption - Merchant Setup",
			"item": [
				{
					"name": "Add Redeemables  to NRF Merchant account",
					"event": [
						{
							"listen": "test",
							"script": {
								"id": "7658a03b-0eed-4fc0-abb9-e00038771a5b",
								"exec": [
									""
								],
								"type": "text/javascript"
							}
						}
					],
					"request": {
						"method": "POST",
						"header": [
							{
								"key": "App-Id",
								"value": "{{App-ID}}"
							},
							{
								"key": "Authorization",
								"value": "{{Bearer}}"
							},
							{
								"key": "Content-Type",
								"value": "application/json"
							}
						],
						"body": {
							"mode": "raw",
							"raw": "{\n   \"redeemables\": [\n\t\t\"{{FQDN}}::Redeemable::v1::StarbucksGiftCard::v1\"\n\t]\n}"
						},
						"url": {
							"raw": "{{blockv-api}}/v1/users/:user_id/redeemables",
							"host": [
								"{{blockv-api}}"
							],
							"path": [
								"v1",
								"users",
								":user_id",
								"redeemables"
							],
							"variable": [
								{
									"key": "user_id",
									"value": ""
								}
							]
						},
						"description": "Sends an RPC request_cmd to the owner of the vAtom. \nThis endpoint merely provides a means of notifying the vAtom owner that there is potential to redeem the vAtom.\n\nThe listener should present UI prompting the owner to enter the redeem process.\nThe owner will need to perform the Redeem action on the vAtom to complete the redeem process."
					},
					"response": []
				},
				{
					"name": "Delete Redeemables from Merchant account",
					"event": [
						{
							"listen": "test",
							"script": {
								"id": "7658a03b-0eed-4fc0-abb9-e00038771a5b",
								"exec": [
									""
								],
								"type": "text/javascript"
							}
						}
					],
					"request": {
						"method": "DELETE",
						"header": [
							{
								"key": "App-Id",
								"value": "{{App-ID}}"
							},
							{
								"key": "Authorization",
								"value": "{{Bearer}}"
							},
							{
								"key": "Content-Type",
								"value": "application/json"
							}
						],
						"body": {
							"mode": "raw",
							"raw": "{\n   \"redeemables\": [\n    \t\"{{FQDN}}::Redeemable::v1::Kanken::v1\",\n    \t\"blockv.billboard-demo::RedeemCard::v1::RedeemableCoke::v1\"\n\t]\n}"
						},
						"url": {
							"raw": "{{blockv-api}}/v1/users/:user_id/redeemables/:name",
							"host": [
								"{{blockv-api}}"
							],
							"path": [
								"v1",
								"users",
								":user_id",
								"redeemables",
								":name"
							],
							"variable": [
								{
									"key": "user_id",
									"value": ""
								},
								{
									"key": "name",
									"value": ""
								}
							]
						},
						"description": "Sends an RPC request_cmd to the owner of the vAtom. \nThis endpoint merely provides a means of notifying the vAtom owner that there is potential to redeem the vAtom.\n\nThe listener should present UI prompting the owner to enter the redeem process.\nThe owner will need to perform the Redeem action on the vAtom to complete the redeem process."
					},
					"response": []
				},
				{
					"name": "Get Current User Redeemables",
					"event": [
						{
							"listen": "test",
							"script": {
								"id": "7658a03b-0eed-4fc0-abb9-e00038771a5b",
								"exec": [
									""
								],
								"type": "text/javascript"
							}
						}
					],
					"request": {
						"method": "GET",
						"header": [
							{
								"key": "App-Id",
								"value": "{{App-ID}}"
							},
							{
								"key": "Authorization",
								"value": "{{Bearer}}"
							}
						],
						"body": {
							"mode": "raw",
							"raw": ""
						},
						"url": {
							"raw": "{{blockv-api}}/v1/user/redeemables",
							"host": [
								"{{blockv-api}}"
							],
							"path": [
								"v1",
								"user",
								"redeemables"
							]
						}
					},
					"response": []
				}
			]
		},
		{
			"name": "Template - Redeemable::v1",
			"item": [
				{
					"name": "Actions",
					"item": [
						{
							"name": "Register Action - AcquirePubVariation",
							"request": {
								"method": "POST",
								"header": [
									{
										"key": "App-Id",
										"value": "{{App-ID}}"
									},
									{
										"key": "Authorization",
										"value": "{{Bearer}}"
									},
									{
										"key": "Content-Type",
										"value": "application/json"
									}
								],
								"body": {
									"mode": "raw",
									"raw": "  {\n    \"name\": \"{{FQDN}}::Redeemable::v1::Action::AcquirePubVariation\",\n\n        \"reactor\": \"blockv://v1/AcquirePubVariationWithCoins\",\n        \"wait\": true,\n        \"rollback\": false,\n        \"abort_on_pre_error\": true,\n        \"abort_on_post_error\": false,\n        \"abort_on_main_error\": true,\n        \"timeout\": 10000,\n        \"guest_user\": true,\n        \"state_impact\": [\n            \"this.owner\"\n        ],\n        \"policy\": {\n            \"pre\": [],\n            \"rule\": \"\",\n            \"post\": []\n        },\n        \"params\": {\n            \"input\": [\n                \"this.id\"\n            ],\n            \"output\": [\n                \"v1::Error\"\n            ]\n        },\n        \"config\": {},\n        \"limit_per_user\": 0,\n        \"action_notification\": {\n            \"on\": false,\n            \"msg\": \"\",\n            \"custom\": {}\n        }\n    }\n"
								},
								"url": {
									"raw": "{{blockv-api}}/v1/publisher/action",
									"host": [
										"{{blockv-api}}"
									],
									"path": [
										"v1",
										"publisher",
										"action"
									]
								}
							},
							"response": []
						},
						{
							"name": "Register Action - Transfer",
							"request": {
								"method": "POST",
								"header": [
									{
										"key": "App-Id",
										"value": "{{App-ID}}"
									},
									{
										"key": "Authorization",
										"value": "{{Bearer}}"
									},
									{
										"key": "Content-Type",
										"value": "application/json"
									}
								],
								"body": {
									"mode": "raw",
									"raw": "  {\n    \"name\": \"{{FQDN}}::Redeemable::v1::Action::Transfer\",\n    \"reactor\": \"blockv://v1/Transfer\",\n    \"wait\": true,\n    \"rollback\": false,\n    \"abort_on_pre_error\": true,\n    \"abort_on_post_error\": false,\n    \"abort_on_main_error\": true,\n    \"timeout\": 10000,\n    \"guest_user\": true,\n    \"state_impact\": [\n      \"this.owner\"\n    ],\n    \"policy\": {\n      \"pre\": [],\n      \"rule\": \"\",\n      \"post\": []\n    },\n    \"params\": {\n      \"input\": [\n        \"this.id\",\n        \"new.owner.email|new.owner.phone_number|new.owner.id\"\n      ],\n      \"output\": [\n        \"vAtomic::v1::Error\"\n      ]\n    },\n    \"config\": {\n      \"auto_create_landing_page\": \"https://vatom.com/nrf/\",\n      \"auto_create_mode\": \"claim\",\n      \"auto_create_non_existing_recipient\": true\n    },\n    \"limit_per_user\": 0,\n    \"action_notification\": {\n      \"on\": true,\n      \"msg\": \"You received a vAtom!\",\n      \"custom\": {}\n    }\n  }"
								},
								"url": {
									"raw": "{{blockv-api}}/v1/publisher/action",
									"host": [
										"{{blockv-api}}"
									],
									"path": [
										"v1",
										"publisher",
										"action"
									]
								}
							},
							"response": []
						},
						{
							"name": "Register Action - Redeem",
							"request": {
								"method": "POST",
								"header": [
									{
										"key": "App-Id",
										"value": "{{App-ID}}"
									},
									{
										"key": "Authorization",
										"value": "{{Bearer}}"
									},
									{
										"key": "Content-Type",
										"value": "application/json"
									}
								],
								"body": {
									"mode": "raw",
									"raw": "  {\n   \"name\": \"{{FQDN}}::Redeemable::v1::Action::Redeem\",\n        \"reactor\": \"blockv://v1/Redeem\",\n        \"wait\": true,\n        \"rollback\": false,\n        \"abort_on_pre_error\": true,\n        \"abort_on_post_error\": false,\n        \"abort_on_main_error\": true,\n        \"timeout\": 10000,\n        \"guest_user\": true,\n                    \"state_impact\": [\n                        \"this.owner\",\n                        \"new.owner.email|new.owner.phone_number|new.owner.id\"\n                    ],\n        \"policy\": {\n            \"pre\": [],\n            \"rule\": \"\",\n            \"post\": []\n        },\n        \"params\": {\n                        \"input\": [\n                            \"this.id\",\n                            \"new.owner.email|new.owner.phone_number|new.owner.id\"\n                        ],\n            \"output\": [\n                \"vAtomic::v1::Error\"\n            ]\n        },\n        \"config\": {},\n        \"limit_per_user\": 0,\n        \"action_notification\": {\n            \"on\": false,\n            \"msg\": \"vAtom redeemed.\",\n            \"custom\": {}\n        }\n    }\n"
								},
								"url": {
									"raw": "{{blockv-api}}/v1/publisher/action",
									"host": [
										"{{blockv-api}}"
									],
									"path": [
										"v1",
										"publisher",
										"action"
									]
								},
								"description": "Note: once published the pick up limit should be set to allow only one pickup per user."
							},
							"response": []
						},
						{
							"name": "Register Action - Drop",
							"request": {
								"method": "POST",
								"header": [
									{
										"key": "App-Id",
										"value": "{{App-ID}}"
									},
									{
										"key": "Authorization",
										"value": "{{Bearer}}"
									},
									{
										"key": "Content-Type",
										"value": "application/json"
									}
								],
								"body": {
									"mode": "raw",
									"raw": "  {\n    \"name\": \"{{FQDN}}::Redeemable::v1::Action::Drop\",\n    \"reactor\": \"blockv://v1/Drop\",\n    \"wait\": true,\n    \"rollback\": false,\n    \"abort_on_pre_error\": true,\n    \"abort_on_post_error\": false,\n    \"abort_on_main_error\": true,\n    \"timeout\": 10000,\n    \"guest_user\": true,\n    \"state_impact\": [\n      \"this.owner\"\n    ],\n    \"policy\": {\n      \"pre\": [],\n      \"rule\": \"\",\n      \"post\": []\n    },\n    \"params\": {\n      \"input\": [\n        \"this.id\",\n        \"geo.pos\"\n      ],\n      \"output\": [\n        \"vAtomic::v1::Error\"\n      ]\n    },\n    \"config\": {},\n    \"limit_per_user\": 0,\n    \"action_notification\": {\n      \"on\": false,\n      \"msg\": \"\",\n      \"custom\": {}\n    }\n  }"
								},
								"url": {
									"raw": "{{blockv-api}}/v1/publisher/action",
									"host": [
										"{{blockv-api}}"
									],
									"path": [
										"v1",
										"publisher",
										"action"
									]
								}
							},
							"response": []
						},
						{
							"name": "Register Action - Pick Up",
							"request": {
								"method": "POST",
								"header": [
									{
										"key": "App-Id",
										"value": "{{App-ID}}"
									},
									{
										"key": "Authorization",
										"value": "{{Bearer}}"
									},
									{
										"key": "Content-Type",
										"value": "application/json"
									}
								],
								"body": {
									"mode": "raw",
									"raw": "  {\n   \"name\": \"{{FQDN}}::Redeemable::v1::Action::Pickup\",\n    \"reactor\": \"blockv://v1/Pickup\",\n    \"wait\": true,\n    \"rollback\": false,\n    \"abort_on_pre_error\": true,\n    \"abort_on_post_error\": false,\n    \"abort_on_main_error\": true,\n    \"timeout\": 10000,\n    \"guest_user\": true,\n    \"state_impact\": [\n      \"this.owner\"\n    ],\n    \"policy\": {\n      \"pre\": [],\n      \"rule\": \"\",\n      \"post\": []\n    },\n    \"params\": {\n      \"input\": [\n        \"this.id\"\n      ],\n      \"output\": [\n        \"vAtomic::v1::Error\"\n      ]\n    },\n    \"config\": {},\n    \"limit_per_user\": 0,\n    \"action_notification\": {\n      \"on\": true,\n      \"msg\": \"\",\n      \"custom\": {}\n    }\n  }"
								},
								"url": {
									"raw": "{{blockv-api}}/v1/publisher/action",
									"host": [
										"{{blockv-api}}"
									],
									"path": [
										"v1",
										"publisher",
										"action"
									]
								},
								"description": "Note: once published the pick up limit should be set to allow only one pickup per user."
							},
							"response": []
						},
						{
							"name": "Delete Action  by name",
							"request": {
								"method": "DELETE",
								"header": [
									{
										"key": "App-Id",
										"value": "{{App-ID}}"
									},
									{
										"key": "Authorization",
										"value": "{{Bearer}}"
									},
									{
										"key": "Content-Type",
										"value": "application/json"
									}
								],
								"body": {
									"mode": "raw",
									"raw": "{\n\t\"id\": \"{{FQDN}}::Redeemable::v1::Action::AcquirePubVariation\"\n}"
								},
								"url": {
									"raw": "{{blockv-api}}/v1/publisher/action",
									"host": [
										"{{blockv-api}}"
									],
									"path": [
										"v1",
										"publisher",
										"action"
									]
								}
							},
							"response": []
						},
						{
							"name": "List Actions",
							"request": {
								"method": "GET",
								"header": [
									{
										"key": "App-Id",
										"value": "{{App-ID}}"
									},
									{
										"key": "Authorization",
										"value": "{{Bearer}}"
									},
									{
										"key": "Content-Type",
										"value": "application/json"
									}
								],
								"body": {
									"mode": "raw",
									"raw": ""
								},
								"url": {
									"raw": "{{blockv-api}}/v1/user/actions/:template-name",
									"host": [
										"{{blockv-api}}"
									],
									"path": [
										"v1",
										"user",
										"actions",
										":template-name"
									],
									"variable": [
										{
											"key": "template-name",
											"value": "{{FQDN}}::Redeemable::v1"
										}
									]
								}
							},
							"response": []
						},
						{
							"name": "Get Action by Name",
							"request": {
								"method": "GET",
								"header": [
									{
										"key": "App-Id",
										"value": "{{App-ID}}"
									},
									{
										"key": "Authorization",
										"value": "{{Bearer}}"
									},
									{
										"key": "Content-Type",
										"value": "application/json"
									}
								],
								"body": {
									"mode": "raw",
									"raw": ""
								},
								"url": {
									"raw": "{{blockv-api}}/v1/actions/:action-name",
									"host": [
										"{{blockv-api}}"
									],
									"path": [
										"v1",
										"actions",
										":action-name"
									],
									"variable": [
										{
											"key": "action-name",
											"value": "{{FQDN}}::Redeemable::v1::Action::Drop"
										}
									]
								}
							},
							"response": []
						}
					],
					"_postman_isSubFolder": true
				},
				{
					"name": "Faces",
					"item": [
						{
							"name": "Register Face - Icon",
							"event": [
								{
									"listen": "prerequest",
									"script": {
										"id": "8caf97fb-fb3d-4100-8705-081c6be707ca",
										"exec": [
											""
										],
										"type": "text/javascript"
									}
								}
							],
							"request": {
								"method": "POST",
								"header": [
									{
										"key": "App-Id",
										"value": "{{App-ID}}"
									},
									{
										"key": "Authorization",
										"value": "{{Bearer}}"
									},
									{
										"key": "Content-Type",
										"value": "application/json"
									}
								],
								"body": {
									"mode": "raw",
									"raw": "{\n    \"template\": \"{{FQDN}}::Redeemable::v1\",\n    \"display_url\": \"native://image\",\n    \"package_url\": \".\",\n    \"constraints\": {\n      \"bluetooth_le\": false,\n      \"contact_list\": false,\n      \"gps\": false,\n      \"three_d\": false,\n      \"view_mode\": \"icon\",\n      \"platform\": \"generic\",\n      \"quality\": \"high\"\n    },\n    \"resources\": [\n        \"ActivatedImage\"\n    ]\n}"
								},
								"url": {
									"raw": "{{blockv-api}}/v1/publisher/face",
									"host": [
										"{{blockv-api}}"
									],
									"path": [
										"v1",
										"publisher",
										"face"
									]
								}
							},
							"response": []
						},
						{
							"name": "Register Face - Fullscreen",
							"event": [
								{
									"listen": "prerequest",
									"script": {
										"id": "8caf97fb-fb3d-4100-8705-081c6be707ca",
										"exec": [
											""
										],
										"type": "text/javascript"
									}
								}
							],
							"request": {
								"method": "POST",
								"header": [
									{
										"key": "App-Id",
										"value": "{{App-ID}}"
									},
									{
										"key": "Authorization",
										"value": "{{Bearer}}"
									},
									{
										"key": "Content-Type",
										"value": "application/json"
									}
								],
								"body": {
									"mode": "raw",
									"raw": "  {\n    \"template\": \"{{FQDN}}::Redeemable::v1\",\n    \"display_url\": \"https://storage.googleapis.com/infr/redeem/v1/index.html\",\n    \"package_url\": \".\",\n    \"constraints\": {\n      \"bluetooth_le\": false,\n      \"contact_list\": false,\n      \"gps\": false,\n      \"three_d\": false,\n      \"view_mode\": \"card\",\n      \"platform\": \"generic\",\n      \"quality\": \"high\"\n    },\n    \"resources\": [\n        \"CardBackground\",\n        \"QRCardBackground\"\n    ]\n  }"
								},
								"url": {
									"raw": "{{blockv-api}}/v1/publisher/face",
									"host": [
										"{{blockv-api}}"
									],
									"path": [
										"v1",
										"publisher",
										"face"
									]
								}
							},
							"response": []
						},
						{
							"name": "Delete Face",
							"request": {
								"method": "DELETE",
								"header": [
									{
										"key": "App-Id",
										"value": "{{App-ID}}"
									},
									{
										"key": "Authorization",
										"value": "{{Bearer}}"
									},
									{
										"key": "Content-Type",
										"value": "application/json"
									}
								],
								"body": {
									"mode": "raw",
									"raw": ""
								},
								"url": {
									"raw": "{{blockv-api}}/v1/publisher/face/:face-id",
									"host": [
										"{{blockv-api}}"
									],
									"path": [
										"v1",
										"publisher",
										"face",
										":face-id"
									],
									"variable": [
										{
											"key": "face-id",
											"value": ""
										}
									]
								}
							},
							"response": []
						},
						{
							"name": "List Faces",
							"request": {
								"method": "GET",
								"header": [
									{
										"key": "App-Id",
										"value": "{{App-ID}}"
									},
									{
										"key": "Authorization",
										"value": "{{Bearer}}"
									},
									{
										"key": "Content-Type",
										"value": "application/json"
									}
								],
								"body": {
									"mode": "raw",
									"raw": ""
								},
								"url": {
									"raw": "{{blockv-api}}/v1/publisher/faces/:template-name",
									"host": [
										"{{blockv-api}}"
									],
									"path": [
										"v1",
										"publisher",
										"faces",
										":template-name"
									],
									"variable": [
										{
											"key": "template-name",
											"value": "{{FQDN}}::Redeemable::v1"
										}
									]
								}
							},
							"response": []
						}
					],
					"_postman_isSubFolder": true
				},
				{
					"name": "Create Template",
					"event": [
						{
							"listen": "prerequest",
							"script": {
								"id": "1ef18152-76c2-47d4-963e-875064b61bb5",
								"exec": [
									""
								],
								"type": "text/javascript"
							}
						}
					],
					"request": {
						"method": "POST",
						"header": [
							{
								"key": "App-Id",
								"value": "{{App-ID}}"
							},
							{
								"key": "Authorization",
								"value": "{{Bearer}}"
							},
							{
								"key": "Content-Type",
								"value": "application/json"
							}
						],
						"body": {
							"mode": "raw",
							"raw": "{\n  \"template\": \"{{FQDN}}::Redeemable::v1\",\n  \"unpublished\": true,\n  \"cloneable\": false,\n  \"public\": false,\n  \"vatom\": {\n    \"vAtom::vAtomType\": {\n      \"root_type\": \"vAtom::vAtomType\",\n      \"transferable\": true,\n      \"acquirable\": false,\n\t  \"tradeable\": false,\n      \"title\": \"Redeemable vAtom\",\n      \"description\": \"Template for redeemable vAtoms.\",\n      \"category\": \"\",\n      \"commerce\": {},\n      \"states\": [\n        {\n          \"name\": \"Activated\",\n          \"value\": {\n            \"type\": \"boolean\",\n            \"value\": \"true\"\n          },\n          \"on_state_change\": {\n            \"reactor\": \"\"\n          }\n        }\n      ],\n      \"visibility\": {\n        \"type\": \"owner\",\n        \"value\": \"*\"\n      },\n     \"resources\": [\n        {\n          \"name\": \"ActivatedImage\",\n          \"resourceType\": \"ResourceType::Image::PNG\",\n          \"value\": {\n            \"resourceValueType\": \"ResourceValueType::URI\",\n            \"value\": \"\"\n          }\n        },\n        {\n          \"name\": \"CardBackground\",\n          \"resourceType\": \"ResourceType::Image::JPEG\",\n          \"value\": {\n            \"resourceValueType\": \"ResourceValueType::URI\",\n            \"value\": \"\"\n          }\n        },\n        {\n          \"name\": \"QRCardBackground\",\n          \"resourceType\": \"ResourceType::Image::JPEG\",\n          \"value\": {\n            \"resourceValueType\": \"ResourceValueType::URI\",\n            \"value\": \"\"\n          }\n        }\n      ]\n    },\n    \"private\": {\n        \"merchant_id\": \"\",\n        \"qr_css\": \"\",\n        \"qr_data\": \"redeem://{{vatom.id}}\",\n        \"qr_settings\": \"size=256x256&margin=0&color=FFF&bgcolor=000\",\n        \"qr_rendemption_mode\": \"2-steps\",\n        \"redeem_action\": \"Redeem\",\n        \"redeem_button_css\": \"\",\n        \"redeem_button_background_color\": \"\",\n        \"redeem_button_text_color\": \"\",\n        \"redeem_merchant_filter\": \"\",\n        \"redeem_text\": \"\",\n        \"receipt_id\" : \"\",\n        \"custom\" : {}\n    }\n  }\n}\n"
						},
						"url": {
							"raw": "{{blockv-api}}/v1/templates",
							"host": [
								"{{blockv-api}}"
							],
							"path": [
								"v1",
								"templates"
							]
						}
					},
					"response": []
				},
				{
					"name": "Delete Template",
					"request": {
						"method": "DELETE",
						"header": [
							{
								"key": "App-Id",
								"value": "{{App-ID}}"
							},
							{
								"key": "Authorization",
								"value": "{{Bearer}}"
							},
							{
								"key": "Content-Type",
								"value": "application/json"
							}
						],
						"body": {
							"mode": "raw",
							"raw": ""
						},
						"url": {
							"raw": "{{blockv-api}}/v1/templates/:template-name",
							"host": [
								"{{blockv-api}}"
							],
							"path": [
								"v1",
								"templates",
								":template-name"
							],
							"variable": [
								{
									"key": "template-name",
									"value": "{{FQDN}}::Redeemable::v1"
								}
							]
						}
					},
					"response": []
				}
			],
			"event": [
				{
					"listen": "prerequest",
					"script": {
						"id": "79e6151a-95d6-4dc5-a92a-cd0e4ca62a0c",
						"type": "text/javascript",
						"exec": [
							""
						]
					}
				},
				{
					"listen": "test",
					"script": {
						"id": "2c4746d3-f9eb-4553-b630-84b3286f6daf",
						"type": "text/javascript",
						"exec": [
							""
						]
					}
				}
			]
		},
		{
			"name": "Variation  - StarbucksGiftCard::v1",
			"item": [
				{
					"name": "Upload Assets",
					"request": {
						"method": "POST",
						"header": [
							{
								"key": "App-Id",
								"value": "{{App-ID}}"
							},
							{
								"key": "Authorization",
								"value": "{{Bearer}}"
							}
						],
						"body": {
							"mode": "formdata",
							"formdata": [
								{
									"key": "upload[]",
									"type": "file",
									"src": ""
								},
								{
									"key": "prefix",
									"value": "{{AssetPrefix}}",
									"type": "text"
								}
							]
						},
						"url": {
							"raw": "{{blockv-api}}/v1/publishers/:publisher_fqdn/assets",
							"host": [
								"{{blockv-api}}"
							],
							"path": [
								"v1",
								"publishers",
								":publisher_fqdn",
								"assets"
							],
							"variable": [
								{
									"key": "publisher_fqdn",
									"value": "{{FQDN}}"
								}
							]
						}
					},
					"response": []
				},
				{
					"name": "Create Template Variation",
					"event": [
						{
							"listen": "prerequest",
							"script": {
								"id": "1ae90103-e55d-4d6d-a227-773991d7268f",
								"exec": [
									""
								],
								"type": "text/javascript"
							}
						}
					],
					"request": {
						"method": "POST",
						"header": [
							{
								"key": "App-Id",
								"value": "{{App-ID}}"
							},
							{
								"key": "Authorization",
								"value": "{{Bearer}}"
							},
							{
								"key": "Content-Type",
								"value": "application/json"
							}
						],
						"body": {
							"mode": "raw",
							"raw": "{\n  \"template\": \"{{FQDN}}::Redeemable::v1\",\n  \"template_variation\": \"{{FQDN}}::Redeemable::v1::StarbucksGiftCard::v1\",\n  \"unpublished\": true,\n  \"public\": false,\n  \"auto_create_on_acquire\": true,\n  \"cloneable\": false,\n\t \"redeemable\": {\n\t        \"org_change\": {\n\t            \"redeemable\": false\n\t        },\n\t        \"return_name\":  \"{{FQDN}}::Receipt::v1::StarbucksGiftCardReceipt::v1\",\n\t        \"return_change\": {\n\t        \t\"private\" : {\n\t        \t\t\"source_vatom\": \"{{FQDN}}::Redeemable::v1::StarbucksGiftCard::v1\",\n\t        \t\t\"item\" : \"$5 Starbucks gift card\",\n\t        \t\t\"campaign\" :  \"Demo Vatom\"\n\t        \t}\n\t        },\n\t        \"valid_from\": \"0001-01-01T00:00:00Z\",\n\t        \"valid_until\": \"0001-01-01T00:00:00Z\"\n\t    },\n  \"vatom\": {\n    \"vAtom::vAtomType\": {\n      \"transferable\": true,\n      \"acquirable\": true,\n      \"redeemable\": true,\n      \"title\": \"Starbucks Gift Card\",\n      \"description\": \"You've won a FREE Starbucks Gift Card!\",\n      \"category\": \"Gifts\",\n      \"commerce\": {},\n      \"visibility\": {\n        \"type\": \"owner\",\n        \"value\": \"*\"\n      },\n     \"resources\": [\n        {\n          \"name\": \"ActivatedImage\",\n          \"resourceType\": \"ResourceType::Image::PNG\",\n          \"value\": {\n            \"resourceValueType\": \"ResourceValueType::URI\",\n            \"value\": \"{{AssetURI}}/{{AssetPrefix}}/ActivatedImage.png\"\n          }\n        },\n        {\n          \"name\": \"CardBackground\",\n          \"resourceType\": \"ResourceType::Image::JPEG\",\n          \"value\": {\n            \"resourceValueType\": \"ResourceValueType::URI\",\n            \"value\": \"{{AssetURI}}/{{AssetPrefix}}/CardBackground.jpg\"\n          }\n        },\n        {\n          \"name\": \"QRCardBackground\",\n          \"resourceType\": \"ResourceType::Image::JPEG\",\n          \"value\": {\n            \"resourceValueType\": \"ResourceValueType::URI\",\n            \"value\": \"{{AssetURI}}/{{AssetPrefix}}/QRCardBackground.jpg\"\n          }\n        }\n      ]\n    },\n    \"private\": {\n        \"merchant_id\": \"\",\n        \"qr_css\": \"position: absolute; z-index: 1; bottom: 60vw; right: 20vw; width: 100%; height: 60vw; background-position: right; background-size: contain; background-repeat: no-repeat;\",\n        \"qr_data\": \"redeem://{{vatom.id}}\",\n        \"qr_settings\": \"size=256x256&margin=0&color=000&bgcolor=fff\",\n        \"qr_rendemption_mode\": \"2-steps\",\n        \"redeem_action\": \"Redeem\",\n        \"redeem_button_css\": \"\",\n        \"redeem_button_background_color\": \"\",\n        \"redeem_button_text_color\": \"\",\n        \"redeem_merchant_filter\": \"\",\n        \"redeem_text\": \"\",\n        \"custom\" : {}\n    }\n  }\n}"
						},
						"url": {
							"raw": "{{blockv-api}}/v1/template_variations",
							"host": [
								"{{blockv-api}}"
							],
							"path": [
								"v1",
								"template_variations"
							]
						}
					},
					"response": []
				},
				{
					"name": "Delete Template Variation",
					"request": {
						"method": "DELETE",
						"header": [
							{
								"key": "App-Id",
								"value": "{{App-ID}}"
							},
							{
								"key": "Authorization",
								"value": "{{Bearer}}"
							},
							{
								"key": "Content-Type",
								"value": "application/json"
							}
						],
						"body": {
							"mode": "raw",
							"raw": ""
						},
						"url": {
							"raw": "{{blockv-api}}/v1/template_variations/:template-name",
							"host": [
								"{{blockv-api}}"
							],
							"path": [
								"v1",
								"template_variations",
								":template-name"
							],
							"variable": [
								{
									"key": "template-name",
									"value": "{{FQDN}}::Redeemable::v1::StarbucksGiftCard::v1"
								}
							]
						}
					},
					"response": []
				},
				{
					"name": "Emit vAtom",
					"event": [
						{
							"listen": "test",
							"script": {
								"id": "84ecc3a7-f702-4cfb-9666-a83db7808b7c",
								"exec": [
									"var jsonData = pm.response.json();",
									"var vatomId = jsonData.payload.ids[0];",
									"console.log('vatom id: ' + vatomId);",
									"pm.environment.set(\"vAtomID\", vatomId);"
								],
								"type": "text/javascript"
							}
						}
					],
					"request": {
						"method": "POST",
						"header": [
							{
								"key": "App-Id",
								"value": "{{App-ID}}"
							},
							{
								"key": "Authorization",
								"value": "{{Bearer}}"
							},
							{
								"key": "Content-Type",
								"value": "application/json"
							}
						],
						"body": {
							"mode": "raw",
							"raw": "{\n  \"template_variation\": \"{{FQDN}}::Redeemable::v1::StarbucksGiftCard::v1\",\n  \"num\": 1\n}"
						},
						"url": {
							"raw": "{{blockv-api}}/v1/vatoms",
							"host": [
								"{{blockv-api}}"
							],
							"path": [
								"v1",
								"vatoms"
							]
						}
					},
					"response": []
				}
			],
			"event": [
				{
					"listen": "prerequest",
					"script": {
						"id": "9fbb1393-cedb-4cee-8e88-0d9bae1fc225",
						"type": "text/javascript",
						"exec": [
							"pm.environment.set(\"AssetPrefix\", \"/prizes/starbucks\")"
						]
					}
				},
				{
					"listen": "test",
					"script": {
						"id": "89de052c-369d-4121-8190-dae6c25da7cd",
						"type": "text/javascript",
						"exec": [
							""
						]
					}
				}
			]
		},
		{
			"name": "Template - Receipt::v1",
			"item": [
				{
					"name": "Actions",
					"item": [
						{
							"name": "Register Action - AcquirePubVariation",
							"request": {
								"method": "POST",
								"header": [
									{
										"key": "App-Id",
										"value": "{{App-ID}}"
									},
									{
										"key": "Authorization",
										"value": "{{Bearer}}"
									},
									{
										"key": "Content-Type",
										"value": "application/json"
									}
								],
								"body": {
									"mode": "raw",
									"raw": "  {\n    \"name\": \"{{FQDN}}::Receipt::v1::Action::AcquirePubVariation\",\n\n        \"reactor\": \"blockv://v1/AcquirePubVariationWithCoins\",\n        \"wait\": true,\n        \"rollback\": false,\n        \"abort_on_pre_error\": true,\n        \"abort_on_post_error\": false,\n        \"abort_on_main_error\": true,\n        \"timeout\": 10000,\n        \"guest_user\": true,\n        \"state_impact\": [\n            \"this.owner\"\n        ],\n        \"policy\": {\n            \"pre\": [],\n            \"rule\": \"\",\n            \"post\": []\n        },\n        \"params\": {\n            \"input\": [\n                \"this.id\"\n            ],\n            \"output\": [\n                \"v1::Error\"\n            ]\n        },\n        \"config\": {},\n        \"limit_per_user\": 0,\n        \"action_notification\": {\n            \"on\": false,\n            \"msg\": \"\",\n            \"custom\": {}\n        }\n    }\n"
								},
								"url": {
									"raw": "{{blockv-api}}/v1/publisher/action",
									"host": [
										"{{blockv-api}}"
									],
									"path": [
										"v1",
										"publisher",
										"action"
									]
								}
							},
							"response": []
						},
						{
							"name": "Register Action - Transfer",
							"request": {
								"method": "POST",
								"header": [
									{
										"key": "App-Id",
										"value": "{{App-ID}}"
									},
									{
										"key": "Authorization",
										"value": "{{Bearer}}"
									},
									{
										"key": "Content-Type",
										"value": "application/json"
									}
								],
								"body": {
									"mode": "raw",
									"raw": "  {\n    \"name\": \"{{FQDN}}::Receipt::v1::Action::Transfer\",\n    \"reactor\": \"blockv://v1/Transfer\",\n    \"wait\": true,\n    \"rollback\": false,\n    \"abort_on_pre_error\": true,\n    \"abort_on_post_error\": false,\n    \"abort_on_main_error\": true,\n    \"timeout\": 10000,\n    \"guest_user\": true,\n    \"state_impact\": [\n      \"this.owner\"\n    ],\n    \"policy\": {\n      \"pre\": [],\n      \"rule\": \"\",\n      \"post\": []\n    },\n    \"params\": {\n      \"input\": [\n        \"this.id\",\n        \"new.owner.email|new.owner.phone_number|new.owner.id\"\n      ],\n      \"output\": [\n        \"vAtomic::v1::Error\"\n      ]\n    },\n    \"config\": {\n      \"auto_create_landing_page\": \"https://vatom.com/#/\",\n      \"auto_create_mode\": \"claim\",\n      \"auto_create_non_existing_recipient\": true\n    },\n    \"limit_per_user\": 0,\n    \"action_notification\": {\n      \"on\": true,\n      \"msg\": \"You received a vAtom!\",\n      \"custom\": {}\n    }\n  }"
								},
								"url": {
									"raw": "{{blockv-api}}/v1/publisher/action",
									"host": [
										"{{blockv-api}}"
									],
									"path": [
										"v1",
										"publisher",
										"action"
									]
								}
							},
							"response": []
						},
						{
							"name": "Delete Action  by name",
							"request": {
								"method": "DELETE",
								"header": [
									{
										"key": "App-Id",
										"value": "{{App-ID}}"
									},
									{
										"key": "Authorization",
										"value": "{{Bearer}}"
									},
									{
										"key": "Content-Type",
										"value": "application/json"
									}
								],
								"body": {
									"mode": "raw",
									"raw": "{\n\t\"id\": \"{{FQDN}}::Receipt::v1::Action::AcquirePubVariation\"\n}"
								},
								"url": {
									"raw": "{{blockv-api}}/v1/publisher/action",
									"host": [
										"{{blockv-api}}"
									],
									"path": [
										"v1",
										"publisher",
										"action"
									]
								}
							},
							"response": []
						},
						{
							"name": "List Actions",
							"request": {
								"method": "GET",
								"header": [
									{
										"key": "App-Id",
										"value": "{{App-ID}}"
									},
									{
										"key": "Authorization",
										"value": "{{Bearer}}"
									},
									{
										"key": "Content-Type",
										"value": "application/json"
									}
								],
								"body": {
									"mode": "raw",
									"raw": ""
								},
								"url": {
									"raw": "{{blockv-api}}/v1/user/actions/:template-name",
									"host": [
										"{{blockv-api}}"
									],
									"path": [
										"v1",
										"user",
										"actions",
										":template-name"
									],
									"variable": [
										{
											"key": "template-name",
											"value": "{{FQDN}}::Receipt::v1"
										}
									]
								}
							},
							"response": []
						},
						{
							"name": "Get Action by Name",
							"request": {
								"method": "GET",
								"header": [
									{
										"key": "App-Id",
										"value": "{{App-ID}}"
									},
									{
										"key": "Authorization",
										"value": "{{Bearer}}"
									},
									{
										"key": "Content-Type",
										"value": "application/json"
									}
								],
								"body": {
									"mode": "raw",
									"raw": ""
								},
								"url": {
									"raw": "{{blockv-api}}/v1/actions/:action-name",
									"host": [
										"{{blockv-api}}"
									],
									"path": [
										"v1",
										"actions",
										":action-name"
									],
									"variable": [
										{
											"key": "action-name",
											"value": "{{FQDN}}::Receipt::v1::Action::Drop"
										}
									]
								}
							},
							"response": []
						}
					],
					"_postman_isSubFolder": true
				},
				{
					"name": "Faces",
					"item": [
						{
							"name": "Register Face - Icon",
							"event": [
								{
									"listen": "prerequest",
									"script": {
										"id": "8caf97fb-fb3d-4100-8705-081c6be707ca",
										"exec": [
											""
										],
										"type": "text/javascript"
									}
								}
							],
							"request": {
								"method": "POST",
								"header": [
									{
										"key": "App-Id",
										"value": "{{App-ID}}"
									},
									{
										"key": "Authorization",
										"value": "{{Bearer}}"
									},
									{
										"key": "Content-Type",
										"value": "application/json"
									}
								],
								"body": {
									"mode": "raw",
									"raw": "{\n    \"template\": \"{{FQDN}}::Receipt::v1\",\n    \"display_url\": \"native://image\",\n    \"package_url\": \".\",\n    \"constraints\": {\n      \"bluetooth_le\": false,\n      \"contact_list\": false,\n      \"gps\": false,\n      \"three_d\": false,\n      \"view_mode\": \"icon\",\n      \"platform\": \"generic\",\n      \"quality\": \"high\"\n    },\n    \"resources\": [\n        \"ActivatedImage\"\n    ]\n}"
								},
								"url": {
									"raw": "{{blockv-api}}/v1/publisher/face",
									"host": [
										"{{blockv-api}}"
									],
									"path": [
										"v1",
										"publisher",
										"face"
									]
								}
							},
							"response": []
						},
						{
							"name": "Register Face - Fullscreen HTML",
							"event": [
								{
									"listen": "prerequest",
									"script": {
										"id": "8caf97fb-fb3d-4100-8705-081c6be707ca",
										"exec": [
											""
										],
										"type": "text/javascript"
									}
								}
							],
							"request": {
								"method": "POST",
								"header": [
									{
										"key": "App-Id",
										"value": "{{App-ID}}"
									},
									{
										"key": "Authorization",
										"value": "{{Bearer}}"
									},
									{
										"key": "Content-Type",
										"value": "application/json"
									}
								],
								"body": {
									"mode": "raw",
									"raw": "  {\n    \"template\": \"{{FQDN}}::Receipt::v1\",\n    \"display_url\": \"https://storage.googleapis.com/infr/receipt/v1/index.html\",\n    \"package_url\": \".\",\n    \"constraints\": {\n      \"bluetooth_le\": false,\n      \"contact_list\": false,\n      \"gps\": false,\n      \"three_d\": false,\n      \"view_mode\": \"fullscreen\",\n      \"platform\": \"generic\",\n      \"quality\": \"high\"\n    },\n    \"resources\": [\n        \"CardBackground\"\n    ]\n  }"
								},
								"url": {
									"raw": "{{blockv-api}}/v1/publisher/face",
									"host": [
										"{{blockv-api}}"
									],
									"path": [
										"v1",
										"publisher",
										"face"
									]
								}
							},
							"response": []
						},
						{
							"name": "Delete Face",
							"request": {
								"method": "DELETE",
								"header": [
									{
										"key": "App-Id",
										"value": "{{App-ID}}"
									},
									{
										"key": "Authorization",
										"value": "{{Bearer}}"
									},
									{
										"key": "Content-Type",
										"value": "application/json"
									}
								],
								"body": {
									"mode": "raw",
									"raw": ""
								},
								"url": {
									"raw": "{{blockv-api}}/v1/publisher/face/:face-id",
									"host": [
										"{{blockv-api}}"
									],
									"path": [
										"v1",
										"publisher",
										"face",
										":face-id"
									],
									"variable": [
										{
											"key": "face-id",
											"value": ""
										}
									]
								}
							},
							"response": []
						},
						{
							"name": "List Faces",
							"request": {
								"method": "GET",
								"header": [
									{
										"key": "App-Id",
										"value": "{{App-ID}}"
									},
									{
										"key": "Authorization",
										"value": "{{Bearer}}"
									},
									{
										"key": "Content-Type",
										"value": "application/json"
									}
								],
								"body": {
									"mode": "raw",
									"raw": ""
								},
								"url": {
									"raw": "{{blockv-api}}/v1/publisher/faces/:template-name",
									"host": [
										"{{blockv-api}}"
									],
									"path": [
										"v1",
										"publisher",
										"faces",
										":template-name"
									],
									"variable": [
										{
											"key": "template-name",
											"value": "{{FQDN}}::Receipt::v1"
										}
									]
								}
							},
							"response": []
						}
					],
					"_postman_isSubFolder": true
				},
				{
					"name": "Create Template",
					"event": [
						{
							"listen": "prerequest",
							"script": {
								"id": "1ef18152-76c2-47d4-963e-875064b61bb5",
								"exec": [
									""
								],
								"type": "text/javascript"
							}
						}
					],
					"request": {
						"method": "POST",
						"header": [
							{
								"key": "App-Id",
								"value": "{{App-ID}}"
							},
							{
								"key": "Authorization",
								"value": "{{Bearer}}"
							},
							{
								"key": "Content-Type",
								"value": "application/json"
							}
						],
						"body": {
							"mode": "raw",
							"raw": "{\n  \"template\": \"{{FQDN}}::Receipt::v1\",\n  \"unpublished\": true,\n  \"cloneable\": false,\n  \"public\": false,\n  \"vatom\": {\n    \"vAtom::vAtomType\": {\n      \"root_type\": \"vAtom::vAtomType\",\n      \"transferable\": false,\n      \"acquirable\": false,\n\t  \"tradeable\": false,\n      \"title\": \"Receipt vAtom\",\n      \"description\": \"Template for Receipt vAtoms.\",\n      \"category\": \"\",\n      \"commerce\": {},\n      \"states\": [\n        {\n          \"name\": \"Activated\",\n          \"value\": {\n            \"type\": \"boolean\",\n            \"value\": \"true\"\n          },\n          \"on_state_change\": {\n            \"reactor\": \"\"\n          }\n        }\n      ],\n      \"visibility\": {\n        \"type\": \"owner\",\n        \"value\": \"*\"\n      },\n     \"resources\": [\n        {\n          \"name\": \"ActivatedImage\",\n          \"resourceType\": \"ResourceType::Image::PNG\",\n          \"value\": {\n            \"resourceValueType\": \"ResourceValueType::URI\",\n            \"value\": \"\"\n          }\n        },\n        {\n          \"name\": \"CardBackground\",\n          \"resourceType\": \"ResourceType::Image::JPEG\",\n          \"value\": {\n            \"resourceValueType\": \"ResourceValueType::URI\",\n            \"value\": \"\"\n          }\n        }\n      ]\n    },\n    \"private\": {\n        \"items\": [],\n        \"custom\" : {}\n    }\n  }\n}\n"
						},
						"url": {
							"raw": "{{blockv-api}}/v1/templates",
							"host": [
								"{{blockv-api}}"
							],
							"path": [
								"v1",
								"templates"
							]
						}
					},
					"response": []
				},
				{
					"name": "Delete Template",
					"request": {
						"method": "DELETE",
						"header": [
							{
								"key": "App-Id",
								"value": "{{App-ID}}"
							},
							{
								"key": "Authorization",
								"value": "{{Bearer}}"
							},
							{
								"key": "Content-Type",
								"value": "application/json"
							}
						],
						"body": {
							"mode": "raw",
							"raw": ""
						},
						"url": {
							"raw": "{{blockv-api}}/v1/templates/:template-name",
							"host": [
								"{{blockv-api}}"
							],
							"path": [
								"v1",
								"templates",
								":template-name"
							],
							"variable": [
								{
									"key": "template-name",
									"value": "{{FQDN}}::Receipt::v1"
								}
							]
						}
					},
					"response": []
				}
			],
			"event": [
				{
					"listen": "prerequest",
					"script": {
						"id": "79e6151a-95d6-4dc5-a92a-cd0e4ca62a0c",
						"type": "text/javascript",
						"exec": [
							""
						]
					}
				},
				{
					"listen": "test",
					"script": {
						"id": "2c4746d3-f9eb-4553-b630-84b3286f6daf",
						"type": "text/javascript",
						"exec": [
							""
						]
					}
				}
			]
		},
		{
			"name": "Variation  - StarbucksGiftCardReceipt::v1",
			"item": [
				{
					"name": "Upload Assets",
					"request": {
						"method": "POST",
						"header": [
							{
								"key": "App-Id",
								"value": "{{App-ID}}"
							},
							{
								"key": "Authorization",
								"value": "{{Bearer}}"
							}
						],
						"body": {
							"mode": "formdata",
							"formdata": [
								{
									"key": "upload[]",
									"type": "file",
									"src": ""
								},
								{
									"key": "prefix",
									"value": "{{AssetPrefix}}",
									"type": "text"
								}
							]
						},
						"url": {
							"raw": "{{blockv-api}}/v1/publishers/:publisher_fqdn/assets",
							"host": [
								"{{blockv-api}}"
							],
							"path": [
								"v1",
								"publishers",
								":publisher_fqdn",
								"assets"
							],
							"variable": [
								{
									"key": "publisher_fqdn",
									"value": "{{FQDN}}"
								}
							]
						}
					},
					"response": []
				},
				{
					"name": "Create Template Variation",
					"event": [
						{
							"listen": "prerequest",
							"script": {
								"id": "1ae90103-e55d-4d6d-a227-773991d7268f",
								"exec": [
									""
								],
								"type": "text/javascript"
							}
						}
					],
					"request": {
						"method": "POST",
						"header": [
							{
								"key": "App-Id",
								"value": "{{App-ID}}"
							},
							{
								"key": "Authorization",
								"value": "{{Bearer}}"
							},
							{
								"key": "Content-Type",
								"value": "application/json"
							}
						],
						"body": {
							"mode": "raw",
							"raw": "{\n  \"template\": \"{{FQDN}}::Receipt::v1\",\n  \"template_variation\": \"{{FQDN}}::Receipt::v1::StarbucksGiftCardReceipt::v1\",\n  \"unpublished\": true,\n  \"public\": false,\n  \"auto_create_on_acquire\": true,\n  \"cloneable\": false,\n  \"vatom\": {\n    \"vAtom::vAtomType\": {\n      \"transferable\": false,\n      \"acquirable\": true,\n      \"redeemable\": false,\n      \"title\": \"Starbucks Gift Card Receipt\",\n      \"description\": \"Smart receipt for your Starbucks Gift Card.\",\n      \"category\": \"Document\",\n      \"commerce\": {},\n      \"visibility\": {\n        \"type\": \"owner\",\n        \"value\": \"*\"\n      },\n     \"resources\": [\n        {\n          \"name\": \"ActivatedImage\",\n          \"resourceType\": \"ResourceType::Image::PNG\",\n          \"value\": {\n            \"resourceValueType\": \"ResourceValueType::URI\",\n            \"value\": \"{{AssetURI}}/{{AssetPrefix}}/ActivatedImage.png\"\n          }\n        },\n        {\n          \"name\": \"CardBackground\",\n          \"resourceType\": \"ResourceType::Image::JPEG\",\n          \"value\": {\n            \"resourceValueType\": \"ResourceValueType::URI\",\n            \"value\": \"{{AssetURI}}/{{AssetPrefix}}/CardBackground.jpg\"\n          }\n        }\n      ]\n    },\n    \"private\": {\n    \t\"custom\" : {}\n    }\n  }\n}"
						},
						"url": {
							"raw": "{{blockv-api}}/v1/template_variations",
							"host": [
								"{{blockv-api}}"
							],
							"path": [
								"v1",
								"template_variations"
							]
						}
					},
					"response": []
				},
				{
					"name": "Delete Template Variation",
					"request": {
						"method": "DELETE",
						"header": [
							{
								"key": "App-Id",
								"value": "{{App-ID}}"
							},
							{
								"key": "Authorization",
								"value": "{{Bearer}}"
							},
							{
								"key": "Content-Type",
								"value": "application/json"
							}
						],
						"body": {
							"mode": "raw",
							"raw": ""
						},
						"url": {
							"raw": "{{blockv-api}}/v1/template_variations/:template-name",
							"host": [
								"{{blockv-api}}"
							],
							"path": [
								"v1",
								"template_variations",
								":template-name"
							],
							"variable": [
								{
									"key": "template-name",
									"value": "{{FQDN}}::Receipt::v1::StarbucksGiftCardReceipt::v1"
								}
							]
						}
					},
					"response": []
				},
				{
					"name": "Emit vAtom",
					"event": [
						{
							"listen": "test",
							"script": {
								"id": "84ecc3a7-f702-4cfb-9666-a83db7808b7c",
								"exec": [
									"var jsonData = pm.response.json();",
									"var vatomId = jsonData.payload.ids[0];",
									"console.log('vatom id: ' + vatomId);",
									"pm.environment.set(\"vAtomID\", vatomId);"
								],
								"type": "text/javascript"
							}
						}
					],
					"request": {
						"method": "POST",
						"header": [
							{
								"key": "App-Id",
								"value": "{{App-ID}}"
							},
							{
								"key": "Authorization",
								"value": "{{Bearer}}"
							},
							{
								"key": "Content-Type",
								"value": "application/json"
							}
						],
						"body": {
							"mode": "raw",
							"raw": "{\n  \"template_variation\": \"{{FQDN}}::Receipt::v1::StarbucksGiftCardReceipt::v1\",\n  \"num\": 1\n}"
						},
						"url": {
							"raw": "{{blockv-api}}/v1/vatoms",
							"host": [
								"{{blockv-api}}"
							],
							"path": [
								"v1",
								"vatoms"
							]
						}
					},
					"response": []
				}
			],
			"event": [
				{
					"listen": "prerequest",
					"script": {
						"id": "9fbb1393-cedb-4cee-8e88-0d9bae1fc225",
						"type": "text/javascript",
						"exec": [
							"pm.environment.set(\"AssetPrefix\", \"/prizes/starbucks/receipt\")"
						]
					}
				},
				{
					"listen": "test",
					"script": {
						"id": "89de052c-369d-4121-8190-dae6c25da7cd",
						"type": "text/javascript",
						"exec": [
							""
						]
					}
				}
			]
		},
		{
			"name": "Check inventory - Redeemable::v1",
			"event": [
				{
					"listen": "test",
					"script": {
						"id": "84ecc3a7-f702-4cfb-9666-a83db7808b7c",
						"exec": [
							""
						],
						"type": "text/javascript"
					}
				}
			],
			"request": {
				"method": "GET",
				"header": [
					{
						"key": "App-Id",
						"value": "{{App-ID}}"
					},
					{
						"key": "Authorization",
						"value": "{{Bearer}}"
					},
					{
						"key": "Content-Type",
						"value": "application/json"
					}
				],
				"body": {
					"mode": "raw",
					"raw": ""
				},
				"url": {
					"raw": "{{blockv-api}}/v1/stats/templatestats/{{FQDN}}::Redeemable::v1",
					"host": [
						"{{blockv-api}}"
					],
					"path": [
						"v1",
						"stats",
						"templatestats",
						"{{FQDN}}::Redeemable::v1"
					]
				}
			},
			"response": []
		},
		{
			"name": "Check inventory - Receipt::v1",
			"event": [
				{
					"listen": "test",
					"script": {
						"id": "84ecc3a7-f702-4cfb-9666-a83db7808b7c",
						"exec": [
							""
						],
						"type": "text/javascript"
					}
				}
			],
			"request": {
				"method": "GET",
				"header": [
					{
						"key": "App-Id",
						"value": "{{App-ID}}"
					},
					{
						"key": "Authorization",
						"value": "{{Bearer}}"
					},
					{
						"key": "Content-Type",
						"value": "application/json"
					}
				],
				"body": {
					"mode": "raw",
					"raw": ""
				},
				"url": {
					"raw": "{{blockv-api}}/v1/stats/templatestats/{{FQDN}}::Receipt::v1",
					"host": [
						"{{blockv-api}}"
					],
					"path": [
						"v1",
						"stats",
						"templatestats",
						"{{FQDN}}::Receipt::v1"
					]
				}
			},
			"response": []
		},
		{
			"name": "Send Last vAtom to email",
			"event": [
				{
					"listen": "test",
					"script": {
						"id": "7658a03b-0eed-4fc0-abb9-e00038771a5b",
						"exec": [
							""
						],
						"type": "text/javascript"
					}
				}
			],
			"request": {
				"method": "POST",
				"header": [
					{
						"key": "App-Id",
						"value": "{{App-ID}}"
					},
					{
						"key": "Authorization",
						"value": "{{Bearer}}"
					},
					{
						"key": "Content-Type",
						"value": "application/json"
					}
				],
				"body": {
					"mode": "raw",
					"raw": "{\n    \"this.id\": \"{{vAtomID}}\",\n    \"new.owner.email\": \"Your Email\"\n}"
				},
				"url": {
					"raw": "{{blockv-api}}/v1/user/vatom/action/Transfer",
					"host": [
						"{{blockv-api}}"
					],
					"path": [
						"v1",
						"user",
						"vatom",
						"action",
						"Transfer"
					]
				}
			},
			"response": []
		}
	],
	"event": [
		{
			"listen": "prerequest",
			"script": {
				"id": "e66fa6aa-ba64-47be-af5c-59a5f46d900c",
				"type": "text/javascript",
				"exec": [
					"console.log('Logging to platform as user: '+pm.environment.get(\"AuthToken\"))",
					"pm.sendRequest({",
					"    url: pm.environment.get(\"blockv-api\") + '/v1/user/login',",
					"    method: 'POST',",
					"    header: {",
					"        'content-type': 'application/json',",
					"        'App-Id': pm.environment.get(\"App-ID\"),",
					"        'Bearer': pm.environment.get(\"Bearer\")",
					"    },",
					"    body: {",
					"        mode: 'raw',",
					"        raw: JSON.stringify({ token : pm.environment.get(\"AuthToken\"), token_type : pm.environment.get(\"AuthTokenType\"),  auth_data : { password : pm.environment.get(\"AuthPwd\")}})",
					"",
					"    }",
					"}, function (err, res) {",
					"    var jsonData = res.json();",
					"    pm.environment.set(\"Bearer\", \"Bearer \"+jsonData.payload.access_token.token);",
					"    pm.environment.set(\"Refresh\", \"Bearer \"+jsonData.payload.refresh_token.token);",
					"   console.log(err ? err : res.json());",
					"});",
					"",
					"",
					"//set assets prefix",
					"//pm.environment.set(\"AssetPrefix\", \"redeemable/v1\");"
				]
			}
		},
		{
			"listen": "test",
			"script": {
				"id": "3a0d8f32-feaa-494c-82d7-f5660b2f75b4",
				"type": "text/javascript",
				"exec": [
					""
				]
			}
		}
	]
}